{"cameraMode":{"drawMode":0,"name":"Shaded","section":"Shading Mode"},"sceneLighting":true,"audioPlay":false,"sceneViewState":{"m_AlwaysRefresh":true,"showFog":true,"showSkybox":true,"showFlares":true,"showImageEffects":true,"showParticleSystems":true,"showVisualEffectGraphs":true,"m_FxEnabled":false},"in2DMode":false,"pivot":{"x":789.7048950195313,"y":278.0800476074219,"z":32.8782958984375},"rotation":{"x":0.050660159438848498,"y":0.018572600558400155,"z":0.0009408856858499348,"w":-0.9985453486442566},"size":352.9346923828125,"orthographic":false}